{
    "adjacency_matrix": [
        [
            0,
            1,
            0,
            0,
            1,
            0,
            1,
            0,
            1,
            0,
            1
        ],
        [
            1,
            0,
            1,
            0,
            1,
            0,
            1,
            0,
            0,
            0,
            1
        ],
        [
            0,
            1,
            0,
            0,
            1,
            0,
            0,
            0,
            0,
            0,
            0
        ],
        [
            0,
            0,
            0,
            0,
            1,
            1,
            1,
            0,
            1,
            0,
            0
        ],
        [
            1,
            1,
            1,
            1,
            0,
            1,
            0,
            1,
            1,
            0,
            0
        ],
        [
            0,
            0,
            0,
            1,
            1,
            0,
            1,
            1,
            1,
            1,
            0
        ],
        [
            1,
            1,
            0,
            1,
            0,
            1,
            0,
            0,
            0,
            0,
            1
        ],
        [
            0,
            0,
            0,
            0,
            1,
            1,
            0,
            0,
            0,
            1,
            1
        ],
        [
            1,
            0,
            0,
            1,
            1,
            1,
            0,
            0,
            0,
            0,
            1
        ],
        [
            0,
            0,
            0,
            0,
            0,
            1,
            0,
            1,
            0,
            0,
            1
        ],
        [
            1,
            1,
            0,
            0,
            0,
            0,
            1,
            1,
            1,
            1,
            0
        ]
    ],
    "properties": {
        "number_of_nodes": 11,
        "number_of_edges": 26,
        "average_degree": 4.7272727272727275,
        "average_clustering_coefficient": 0.5363636363636364,
        "diameter": 3,
        "number_of_connected_components": 1
    },
    "descriptions": {
        "degree_descriptions": [
            "Node 1 has 5 connections: Node 2, Node 5, Node 7, Node 9, Node 11.",
            "Node 2 has 5 connections: Node 1, Node 3, Node 5, Node 7, Node 11.",
            "Node 3 has 2 connections: Node 2, Node 5.",
            "Node 4 has 4 connections: Node 5, Node 6, Node 7, Node 9.",
            "Node 5 has 7 connections: Node 1, Node 2, Node 3, Node 4, Node 6, Node 8, Node 9.",
            "Node 6 has 6 connections: Node 4, Node 5, Node 7, Node 8, Node 9, Node 10.",
            "Node 7 has 5 connections: Node 1, Node 2, Node 4, Node 6, Node 11.",
            "Node 8 has 4 connections: Node 5, Node 6, Node 10, Node 11.",
            "Node 9 has 5 connections: Node 1, Node 4, Node 5, Node 6, Node 11.",
            "Node 10 has 3 connections: Node 6, Node 8, Node 11.",
            "Node 11 has 6 connections: Node 1, Node 2, Node 7, Node 8, Node 9, Node 10."
        ],
        "neighborhood_descriptions": [
            "Node 1 is adjacent to nodes 2, 5, 7, 9, 11.",
            "Node 2 is adjacent to nodes 1, 3, 5, 7, 11.",
            "Node 3 is adjacent to nodes 2, 5.",
            "Node 4 is adjacent to nodes 5, 6, 7, 9.",
            "Node 5 is adjacent to nodes 1, 2, 3, 4, 6, 8, 9.",
            "Node 6 is adjacent to nodes 4, 5, 7, 8, 9, 10.",
            "Node 7 is adjacent to nodes 1, 2, 4, 6, 11.",
            "Node 8 is adjacent to nodes 5, 6, 10, 11.",
            "Node 9 is adjacent to nodes 1, 4, 5, 6, 11.",
            "Node 10 is adjacent to nodes 6, 8, 11.",
            "Node 11 is adjacent to nodes 1, 2, 7, 8, 9, 10."
        ],
        "shortest_path_descriptions": [
            "The shortest path from node 1 to node 2 is through nodes 1 -> 2.",
            "The shortest path from node 1 to node 3 is through nodes 1 -> 2 -> 3.",
            "The shortest path from node 1 to node 4 is through nodes 1 -> 5 -> 4.",
            "The shortest path from node 1 to node 5 is through nodes 1 -> 5.",
            "The shortest path from node 1 to node 6 is through nodes 1 -> 5 -> 6.",
            "The shortest path from node 1 to node 7 is through nodes 1 -> 7.",
            "The shortest path from node 1 to node 8 is through nodes 1 -> 5 -> 8.",
            "The shortest path from node 1 to node 9 is through nodes 1 -> 9.",
            "The shortest path from node 1 to node 10 is through nodes 1 -> 11 -> 10.",
            "The shortest path from node 1 to node 11 is through nodes 1 -> 11.",
            "The shortest path from node 2 to node 1 is through nodes 2 -> 1.",
            "The shortest path from node 2 to node 3 is through nodes 2 -> 3.",
            "The shortest path from node 2 to node 4 is through nodes 2 -> 5 -> 4.",
            "The shortest path from node 2 to node 5 is through nodes 2 -> 5.",
            "The shortest path from node 2 to node 6 is through nodes 2 -> 5 -> 6.",
            "The shortest path from node 2 to node 7 is through nodes 2 -> 7.",
            "The shortest path from node 2 to node 8 is through nodes 2 -> 5 -> 8.",
            "The shortest path from node 2 to node 9 is through nodes 2 -> 1 -> 9.",
            "The shortest path from node 2 to node 10 is through nodes 2 -> 11 -> 10.",
            "The shortest path from node 2 to node 11 is through nodes 2 -> 11.",
            "The shortest path from node 3 to node 1 is through nodes 3 -> 2 -> 1.",
            "The shortest path from node 3 to node 2 is through nodes 3 -> 2.",
            "The shortest path from node 3 to node 4 is through nodes 3 -> 5 -> 4.",
            "The shortest path from node 3 to node 5 is through nodes 3 -> 5.",
            "The shortest path from node 3 to node 6 is through nodes 3 -> 5 -> 6.",
            "The shortest path from node 3 to node 7 is through nodes 3 -> 2 -> 7.",
            "The shortest path from node 3 to node 8 is through nodes 3 -> 5 -> 8.",
            "The shortest path from node 3 to node 9 is through nodes 3 -> 5 -> 9.",
            "The shortest path from node 3 to node 10 is through nodes 3 -> 2 -> 11 -> 10.",
            "The shortest path from node 3 to node 11 is through nodes 3 -> 2 -> 11.",
            "The shortest path from node 4 to node 1 is through nodes 4 -> 5 -> 1.",
            "The shortest path from node 4 to node 2 is through nodes 4 -> 5 -> 2.",
            "The shortest path from node 4 to node 3 is through nodes 4 -> 5 -> 3.",
            "The shortest path from node 4 to node 5 is through nodes 4 -> 5.",
            "The shortest path from node 4 to node 6 is through nodes 4 -> 6.",
            "The shortest path from node 4 to node 7 is through nodes 4 -> 7.",
            "The shortest path from node 4 to node 8 is through nodes 4 -> 5 -> 8.",
            "The shortest path from node 4 to node 9 is through nodes 4 -> 9.",
            "The shortest path from node 4 to node 10 is through nodes 4 -> 6 -> 10.",
            "The shortest path from node 4 to node 11 is through nodes 4 -> 7 -> 11.",
            "The shortest path from node 5 to node 1 is through nodes 5 -> 1.",
            "The shortest path from node 5 to node 2 is through nodes 5 -> 2.",
            "The shortest path from node 5 to node 3 is through nodes 5 -> 3.",
            "The shortest path from node 5 to node 4 is through nodes 5 -> 4.",
            "The shortest path from node 5 to node 6 is through nodes 5 -> 6.",
            "The shortest path from node 5 to node 7 is through nodes 5 -> 1 -> 7.",
            "The shortest path from node 5 to node 8 is through nodes 5 -> 8.",
            "The shortest path from node 5 to node 9 is through nodes 5 -> 9.",
