{
    "adjacency_matrix": [
        [
            0,
            1,
            0,
            1,
            0,
            0,
            1,
            1,
            1,
            1,
            1
        ],
        [
            1,
            0,
            0,
            0,
            1,
            0,
            0,
            1,
            1,
            0,
            0
        ],
        [
            0,
            0,
            0,
            0,
            1,
            1,
            0,
            1,
            1,
            0,
            1
        ],
        [
            1,
            0,
            0,
            0,
            1,
            1,
            0,
            1,
            0,
            0,
            1
        ],
        [
            0,
            1,
            1,
            1,
            0,
            1,
            1,
            0,
            0,
            1,
            0
        ],
        [
            0,
            0,
            1,
            1,
            1,
            0,
            0,
            0,
            1,
            0,
            1
        ],
        [
            1,
            0,
            0,
            0,
            1,
            0,
            0,
            0,
            0,
            1,
            0
        ],
        [
            1,
            1,
            1,
            1,
            0,
            0,
            0,
            0,
            0,
            1,
            1
        ],
        [
            1,
            1,
            1,
            0,
            0,
            1,
            0,
            0,
            0,
            1,
            1
        ],
        [
            1,
            0,
            0,
            0,
            1,
            0,
            1,
            1,
            1,
            0,
            0
        ],
        [
            1,
            0,
            1,
            1,
            0,
            1,
            0,
            1,
            1,
            0,
            0
        ]
    ],
    "properties": {
        "number_of_nodes": 11,
        "number_of_edges": 29,
        "average_degree": 5.2727272727272725,
        "average_clustering_coefficient": 0.45714285714285713,
        "diameter": 2,
        "number_of_connected_components": 1
    },
    "descriptions": {
        "degree_descriptions": [
            "Node 1 has 7 connections: Node 2, Node 4, Node 7, Node 8, Node 9, Node 10, Node 11.",
            "Node 2 has 4 connections: Node 1, Node 5, Node 8, Node 9.",
            "Node 3 has 5 connections: Node 5, Node 6, Node 8, Node 9, Node 11.",
            "Node 4 has 5 connections: Node 1, Node 5, Node 6, Node 8, Node 11.",
            "Node 5 has 6 connections: Node 2, Node 3, Node 4, Node 6, Node 7, Node 10.",
            "Node 6 has 5 connections: Node 3, Node 4, Node 5, Node 9, Node 11.",
            "Node 7 has 3 connections: Node 1, Node 5, Node 10.",
            "Node 8 has 6 connections: Node 1, Node 2, Node 3, Node 4, Node 10, Node 11.",
            "Node 9 has 6 connections: Node 1, Node 2, Node 3, Node 6, Node 10, Node 11.",
            "Node 10 has 5 connections: Node 1, Node 5, Node 7, Node 8, Node 9.",
            "Node 11 has 6 connections: Node 1, Node 3, Node 4, Node 6, Node 8, Node 9."
        ],
        "neighborhood_descriptions": [
            "Node 1 is adjacent to nodes 2, 4, 7, 8, 9, 10, 11.",
            "Node 2 is adjacent to nodes 1, 5, 8, 9.",
            "Node 3 is adjacent to nodes 5, 6, 8, 9, 11.",
            "Node 4 is adjacent to nodes 1, 5, 6, 8, 11.",
            "Node 5 is adjacent to nodes 2, 3, 4, 6, 7, 10.",
            "Node 6 is adjacent to nodes 3, 4, 5, 9, 11.",
            "Node 7 is adjacent to nodes 1, 5, 10.",
            "Node 8 is adjacent to nodes 1, 2, 3, 4, 10, 11.",
            "Node 9 is adjacent to nodes 1, 2, 3, 6, 10, 11.",
            "Node 10 is adjacent to nodes 1, 5, 7, 8, 9.",
            "Node 11 is adjacent to nodes 1, 3, 4, 6, 8, 9."
        ],