{
    "adjacency_matrix": [
        [
            0,
            1,
            1,
            0,
            0,
            1,
            1,
            1,
            0,
            0,
            1
        ],
        [
            1,
            0,
            0,
            0,
            0,
            0,
            0,
            0,
            0,
            0,
            0
        ],
        [
            1,
            0,
            0,
            0,
            0,
            0,
            0,
            0,
            1,
            0,
            0
        ],
        [
            0,
            0,
            0,
            0,
            1,
            0,
            1,
            0,
            0,
            0,
            0
        ],
        [
            0,
            0,
            0,
            1,
            0,
            1,
            0,
            0,
            0,
            1,
            1
        ],
        [
            1,
            0,
            0,
            0,
            1,
            0,
            0,
            1,
            0,
            0,
            0
        ],
        [
            1,
            0,
            0,
            1,
            0,
            0,
            0,
            0,
            1,
            1,
            0
        ],
        [
            1,
            0,
            0,
            0,
            0,
            1,
            0,
            0,
            0,
            0,
            1
        ],
        [
            0,
            0,
            1,
            0,
            0,
            0,
            1,
            0,
            0,
            0,
            0
        ],
        [
            0,
            0,
            0,
            0,
            1,
            0,
            1,
            0,
            0,
            0,
            0
        ],
        [
            1,
            0,
            0,
            0,
            1,
            0,
            0,
            1,
            0,
            0,
            0
        ]
    ],
    "properties": {
        "number_of_nodes": 11,
        "number_of_edges": 16,
        "average_degree": 2.909090909090909,
        "average_clustering_coefficient": 0.13333333333333333,
        "diameter": 3,
        "number_of_connected_components": 1
    },
    "descriptions": {
        "degree_descriptions": [
            "Node 1 has 6 connections: Node 2, Node 3, Node 6, Node 7, Node 8, Node 11.",
            "Node 2 has 1 connections: Node 1.",
            "Node 3 has 2 connections: Node 1, Node 9.",
            "Node 4 has 2 connections: Node 5, Node 7.",
            "Node 5 has 4 connections: Node 4, Node 6, Node 10, Node 11.",
            "Node 6 has 3 connections: Node 1, Node 5, Node 8.",
            "Node 7 has 4 connections: Node 1, Node 4, Node 9, Node 10.",
            "Node 8 has 3 connections: Node 1, Node 6, Node 11.",
            "Node 9 has 2 connections: Node 3, Node 7.",
            "Node 10 has 2 connections: Node 5, Node 7.",
            "Node 11 has 3 connections: Node 1, Node 5, Node 8."
        ],
        "neighborhood_descriptions": [
            "Node 1 is adjacent to nodes 2, 3, 6, 7, 8, 11.",
            "Node 2 is adjacent to nodes 1.",
            "Node 3 is adjacent to nodes 1, 9.",
            "Node 4 is adjacent to nodes 5, 7.",
            "Node 5 is adjacent to nodes 4, 6, 10, 11.",
            "Node 6 is adjacent to nodes 1, 5, 8.",
            "Node 7 is adjacent to nodes 1, 4, 9, 10.",
            "Node 8 is adjacent to nodes 1, 6, 11.",
            "Node 9 is adjacent to nodes 3, 7.",
            "Node 10 is adjacent to nodes 5, 7.",
            "Node 11 is adjacent to nodes 1, 5, 8."
        ],
        "shortest_path_descriptions": [
            "The shortest path from node 1 to node 2 is through nodes 1 -> 2.",
            "The shortest path from node 1 to node 3 is through nodes 1 -> 3.",
            "The shortest path from node 1 to node 4 is through nodes 1 -> 7 -> 4.",
            "The shortest path from node 1 to node 5 is through nodes 1 -> 6 -> 5.",
            "The shortest path from node 1 to node 6 is through nodes 1 -> 6.",
            "The shortest path from node 1 to node 7 is through nodes 1 -> 7.",
            "The shortest path from node 1 to node 8 is through nodes 1 -> 8.",
            "The shortest path from node 1 to node 9 is through nodes 1 -> 3 -> 9.",
            "The shortest path from node 1 to node 10 is through nodes 1 -> 7 -> 10.",
            "The shortest path from node 1 to node 11 is through nodes 1 -> 11.",
            "The shortest path from node 2 to node 1 is through nodes 2 -> 1.",
            "The shortest path from node 2 to node 3 is through nodes 2 -> 1 -> 3.",
            "The shortest path from node 2 to node 4 is through nodes 2 -> 1 -> 7 -> 4.",
            "The shortest path from node 2 to node 5 is through nodes 2 -> 1 -> 6 -> 5.",
            "The shortest path from node 2 to node 6 is through nodes 2 -> 1 -> 6.",
            "The shortest path from node 2 to node 7 is through nodes 2 -> 1 -> 7.",
            "The shortest path from node 2 to node 8 is through nodes 2 -> 1 -> 8.",
            "The shortest path from node 2 to node 9 is through nodes 2 -> 1 -> 3 -> 9.",
            "The shortest path from node 2 to node 10 is through nodes 2 -> 1 -> 7 -> 10.",
            "The shortest path from node 2 to node 11 is through nodes 2 -> 1 -> 11.",
            "The shortest path from node 3 to node 1 is through nodes 3 -> 1.",
            "The shortest path from node 3 to node 2 is through nodes 3 -> 1 -> 2.",
            "The shortest path from node 3 to node 4 is through nodes 3 -> 1 -> 7 -> 4.",
            "The shortest path from node 3 to node 5 is through nodes 3 -> 1 -> 6 -> 5.",
            "The shortest path from node 3 to node 6 is through nodes 3 -> 1 -> 6.",
            "The shortest path from node 3 to node 7 is through nodes 3 -> 1 -> 7.",
            "The shortest path from node 3 to node 8 is through nodes 3 -> 1 -> 8.",
            "The shortest path from node 3 to node 9 is through nodes 3 -> 9.",
            "The shortest path from node 3 to node 10 is through nodes 3 -> 1 -> 7 -> 10.",
            "The shortest path from node 3 to node 11 is through nodes 3 -> 1 -> 11.",
            "The shortest path from node 4 to node 1 is through nodes 4 -> 7 -> 1.",
            "The shortest path from node 4 to node 2 is through nodes 4 -> 7 -> 1 -> 2.",
            "The shortest path from node 4 to node 3 is through nodes 4 -> 7 -> 1 -> 3.",
            "The shortest path from node 4 to node 5 is through nodes 4 -> 5.",
            "The shortest path from node 4 to node 6 is through nodes 4 -> 5 -> 6.",
            "The shortest path from node 4 to node 7 is through nodes 4 -> 7.",
            "The shortest path from node 4 to node 8 is through nodes 4 -> 5 -> 6 -> 8.",
            "The shortest path from node 4 to node 9 is through nodes 4 -> 7 -> 9.",
            "The shortest path from node 4 to node 10 is through nodes 4 -> 5 -> 10.",
            "The shortest path from node 4 to node 11 is through nodes 4 -> 5 -> 11.",
            "The shortest path from node 5 to node 1 is through nodes 5 -> 6 -> 1.",
            "The shortest path from node 5 to node 2 is through nodes 5 -> 6 -> 1 -> 2.",
            "The shortest path from node 5 to node 3 is through nodes 5 -> 6 -> 1 -> 3.",
            "The shortest path from node 5 to node 4 is through nodes 5 -> 4.",
            "The shortest path from node 5 to node 6 is through nodes 5 -> 6.",
            "The shortest path from node 5 to node 7 is through nodes 5 -> 4 -> 7.",
            "The shortest path from node 5 to node 8 is through nodes 5 -> 6 -> 8.",
            "The shortest path from node 5 to node 9 is through nodes 5 -> 4 -> 7 -> 9.",
            "The shortest path from node 5 to node 10 is through nodes 5 -> 10.",
