{
    "adjacency_matrix": [
        [
            0,
            0,
            1,
            1,
            1,
            1,
            1,
            1,
            1,
            1,
            0
        ],
        [
            0,
            0,
            0,
            1,
            0,
            0,
            1,
            0,
            0,
            1,
            1
        ],
        [
            1,
            0,
            0,
            1,
            1,
            1,
            1,
            1,
            1,
            0,
            1
        ],
        [
            1,
            1,
            1,
            0,
            0,
            0,
            1,
            0,
            1,
            1,
            1
        ],
        [
            1,
            0,
            1,
            0,
            0,
            0,
            1,
            1,
            0,
            1,
            1
        ],
        [
            1,
            0,
            1,
            0,
            0,
            0,
            1,
            1,
            1,
            1,
            0
        ],
        [
            1,
            1,
            1,
            1,
            1,
            1,
            0,
            0,
            0,
            1,
            1
        ],
        [
            1,
            0,
            1,
            0,
            1,
            1,
            0,
            0,
            1,
            1,
            1
        ],
        [
            1,
            0,
            1,
            1,
            0,
            1,
            0,
            1,
            0,
            1,
            0
        ],
        [
            1,
            1,
            0,
            1,
            1,
            1,
            1,
            1,
            1,
            0,
            0
        ],
        [
            0,
            1,
            1,
            1,
            1,
            0,
            1,
            1,
            0,
            0,
            0
        ]
    ],
    "properties": {
        "number_of_nodes": 11,
        "number_of_edges": 37,
        "average_degree": 6.7272727272727275,
        "average_clustering_coefficient": 0.6898268398268398,
        "diameter": 2,
        "number_of_connected_components": 1
    },
    "descriptions": {
        "degree_descriptions": [
            "Node 1 has 8 connections: Node 3, Node 4, Node 5, Node 6, Node 7, Node 8, Node 9, Node 10.",
            "Node 2 has 4 connections: Node 4, Node 7, Node 10, Node 11.",
            "Node 3 has 8 connections: Node 1, Node 4, Node 5, Node 6, Node 7, Node 8, Node 9, Node 11.",
            "Node 4 has 7 connections: Node 1, Node 2, Node 3, Node 7, Node 9, Node 10, Node 11.",
            "Node 5 has 6 connections: Node 1, Node 3, Node 7, Node 8, Node 10, Node 11.",
            "Node 6 has 6 connections: Node 1, Node 3, Node 7, Node 8, Node 9, Node 10.",
            "Node 7 has 8 connections: Node 1, Node 2, Node 3, Node 4, Node 5, Node 6, Node 10, Node 11.",
            "Node 8 has 7 connections: Node 1, Node 3, Node 5, Node 6, Node 9, Node 10, Node 11.",
            "Node 9 has 6 connections: Node 1, Node 3, Node 4, Node 6, Node 8, Node 10.",
            "Node 10 has 8 connections: Node 1, Node 2, Node 4, Node 5, Node 6, Node 7, Node 8, Node 9.",
            "Node 11 has 6 connections: Node 2, Node 3, Node 4, Node 5, Node 7, Node 8."
        ],
        "neighborhood_descriptions": [
            "Node 1 is adjacent to nodes 3, 4, 5, 6, 7, 8, 9, 10.",
            "Node 2 is adjacent to nodes 4, 7, 10, 11.",
            "Node 3 is adjacent to nodes 1, 4, 5, 6, 7, 8, 9, 11.",
            "Node 4 is adjacent to nodes 1, 2, 3, 7, 9, 10, 11.",
            "Node 5 is adjacent to nodes 1, 3, 7, 8, 10, 11.",
            "Node 6 is adjacent to nodes 1, 3, 7, 8, 9, 10.",
            "Node 7 is adjacent to nodes 1, 2, 3, 4, 5, 6, 10, 11.",
            "Node 8 is adjacent to nodes 1, 3, 5, 6, 9, 10, 11.",
            "Node 9 is adjacent to nodes 1, 3, 4, 6, 8, 10.",
            "Node 10 is adjacent to nodes 1, 2, 4, 5, 6, 7, 8, 9.",
            "Node 11 is adjacent to nodes 2, 3, 4, 5, 7, 8."
        ],